id,洪水概率
0,0.47888744
1,0.47810286
2,0.5074317
3,0.53360677
4,0.3956183
5,0.454668
6,0.45798695
7,0.5450293
8,0.47687316
9,0.4758968
